"Network.size","Bubble.size","PCR.frequency","R","Percentage.infected","sd"
20,"10","monthly",1,17.9090909090909,10.1849193068637
20,"10","monthly",1.5,22.8181818181818,15.8045670534768
20,"10","monthly",2,33.7272727272727,20.4470604899781
20,"10","monthly",2.5,34.5454545454545,23.6549235487151
20,"10","monthly",3,41.2727272727273,24.5064080294449
20,"10","none",1,22.9090909090909,14.788376683631
20,"10","none",1.5,27.3636363636364,16.7052197318875
20,"10","none",2,37.8181818181818,21.3325176796074
20,"10","none",2.5,44.2727272727273,26.4957334021959
20,"10","none",3,57,28.8875241426968
20,"10","semiweekly",1,15.8333333333333,6.02414496676874
20,"10","semiweekly",1.5,20.8333333333333,14.0365405864533
20,"10","semiweekly",2,26.6666666666667,14.0315868045498
20,"10","semiweekly",2.5,31.2222222222222,19.1346599646796
20,"10","semiweekly",3,34.6666666666667,21.4569439794865
20,"10","weekly",1,20.1818181818182,9.40587428869346
20,"10","weekly",1.5,23.7272727272727,15.8176822259771
20,"10","weekly",2,29.9090909090909,18.6323170384585
20,"10","weekly",2.5,37.7272727272727,20.7922066968169
20,"10","weekly",3,38.4545454545455,20.6613449348999
20,"10","workday",1,15,6.88805164574516
20,"10","workday",1.5,19.3636363636364,12.3828284040176
20,"10","workday",2,19.8181818181818,9.73947290404226
20,"10","workday",2.5,23.4545454545455,11.6547321015254
20,"10","workday",3,28.9090909090909,18.2663512663749
20,"5","monthly",1,18.2727272727273,10.2974990682391
20,"5","monthly",1.5,22.4545454545455,13.3343010044785
20,"5","monthly",2,30.9090909090909,22.1163749548008
20,"5","monthly",2.5,37.1818181818182,22.9995960842754
20,"5","monthly",3,47.7272727272727,27.2159883139874
20,"5","none",1,16.1818181818182,9.00950614971276
20,"5","none",1.5,21.1818181818182,13.2688248164868
20,"5","none",2,33.7272727272727,20.9321588800953
20,"5","none",2.5,36,22.3075712982448
20,"5","none",3,47.7272727272727,25.3950211694944
20,"5","semiweekly",1,15.1111111111111,6.71101305360529
20,"5","semiweekly",1.5,21.6111111111111,12.1820583662536
20,"5","semiweekly",2,22.5,12.1230711572001
20,"5","semiweekly",2.5,27.6666666666667,18.6621505210135
20,"5","semiweekly",3,31.0555555555556,19.3971209353577
20,"5","weekly",1,15,7.70107585620774
20,"5","weekly",1.5,23.4545454545455,14.1315743460173
20,"5","weekly",2,26.5454545454545,15.7498907212269
20,"5","weekly",2.5,32.2727272727273,22.3773661599721
20,"5","weekly",3,36.5454545454545,21.0116566378022
20,"5","workday",1,14.3636363636364,6.69012682597109
20,"5","workday",1.5,16.6363636363636,8.05175692928617
20,"5","workday",2,20.1818181818182,9.83270817053072
20,"5","workday",2.5,22.1818181818182,12.1863434829759
20,"5","workday",3,23.4545454545455,12.6315243773487
20,"none","monthly",1,22.3846153846154,13.6960978353847
20,"none","monthly",1.5,33.2307692307692,22.8459476042759
20,"none","monthly",2,46.6153846153846,27.7792734640061
20,"none","monthly",2.5,45.9230769230769,28.0939273853874
20,"none","monthly",3,63,26.4370904807322
20,"none","none",1,25.2307692307692,14.709920678976
20,"none","none",1.5,32.0769230769231,20.9145141966906
20,"none","none",2,43.1538461538462,25.7086181743214
20,"none","none",2.5,53.8461538461538,31.8993550232945
20,"none","none",3,70.0769230769231,24.6658581526076
20,"none","semiweekly",1,21.7924528301887,12.1714688549924
20,"none","semiweekly",1.5,19.7222222222222,8.54748924330154
20,"none","semiweekly",2,27.1111111111111,12.6336630709598
20,"none","semiweekly",2.5,37.5,21.7075567492578
20,"none","semiweekly",3,40.2222222222222,21.2107271209786
20,"none","weekly",1,20.3846153846154,10.0656675793344
20,"none","weekly",1.5,27.8461538461538,18.6746269148371
20,"none","weekly",2,30.6153846153846,19.5534186866692
20,"none","weekly",2.5,46.3076923076923,23.459923192571
20,"none","weekly",3,48.6923076923077,28.5892165832382
20,"none","workday",1,16.9230769230769,8.27257049544392
20,"none","workday",1.5,18.6153846153846,9.35858407647381
20,"none","workday",2,27.6153846153846,16.5995800814175
20,"none","workday",2.5,27,18.9378450545103
20,"none","workday",3,33.8461538461538,20.2943089155303
50,"10","monthly",1,20.5818181818182,6.82067196287988
50,"10","monthly",1.5,29.7636363636364,14.8261994829478
50,"10","monthly",2,31.6363636363636,17.1971857699867
50,"10","monthly",2.5,46.3454545454545,18.470945997749
50,"10","monthly",3,60.0181818181818,17.133536190045
50,"10","none",1,18.2181818181818,8.07512832170963
50,"10","none",1.5,29.0727272727273,13.1066018711118
50,"10","none",2,41.5090909090909,18.4142050127294
50,"10","none",2.5,48.5090909090909,21.3323310425908
50,"10","none",3,62.5818181818182,18.3654019662756
50,"10","semiweekly",1,16.4222222222222,5.76510498999524
50,"10","semiweekly",1.5,19.8,8.13703545155932
50,"10","semiweekly",2,24.7555555555556,10.7621789779753
50,"10","semiweekly",2.5,30.1333333333333,12.7001878713999
50,"10","semiweekly",3,35.3555555555556,14.9885466923608
50,"10","weekly",1,17.8545454545455,5.4418565082275
50,"10","weekly",1.5,23.3454545454545,11.1855912624758
50,"10","weekly",2,26.8727272727273,11.892238997525
50,"10","weekly",2.5,33.5272727272727,16.6838950989726
50,"10","weekly",3,43.0181818181818,16.3386726192651
50,"10","workday",1,15.2,5.10617202028388
50,"10","workday",1.5,16.9818181818182,5.94221231471065
50,"10","workday",2,20.4363636363636,7.66726770289586
50,"10","workday",2.5,19.6363636363636,8.11496687969377
50,"10","workday",3,27.4,14.6449463145054
50,"25","monthly",1,23.5636363636364,9.74635180926247
50,"25","monthly",1.5,31.4909090909091,15.9662883072185
50,"25","monthly",2,42.0181818181818,15.6821658309464
50,"25","monthly",2.5,56,19.9990875704277
50,"25","monthly",3,66.8,17.0287434119427
50,"25","none",1,22.4363636363636,8.9090367399461
50,"25","none",1.5,40.0545454545455,14.204474186948
50,"25","none",2,50.3454545454545,18.2453055474254
50,"25","none",2.5,62.6909090909091,20.0035331981981
50,"25","none",3,72.8909090909091,17.3738127539263
50,"25","semiweekly",1,17.6888888888889,6.00267727521639
50,"25","semiweekly",1.5,23.9555555555556,8.61474421107624
50,"25","semiweekly",2,29.8666666666667,14.3639333277888
50,"25","semiweekly",2.5,33.0777777777778,14.2878619251894
50,"25","semiweekly",3,38.9888888888889,19.3908883367472
50,"25","weekly",1,18,6.6508327781065
50,"25","weekly",1.5,25.2909090909091,10.1389484029648
50,"25","weekly",2,32.3090909090909,14.3901232441128
50,"25","weekly",2.5,41.4,17.0418120416883
50,"25","weekly",3,50.5636363636364,19.7786691451158
50,"25","workday",1,14.9454545454545,5.88024709563918
50,"25","workday",1.5,16.7272727272727,6.82806185284113
50,"25","workday",2,18.5454545454545,8.52180154229204
50,"25","workday",2.5,23.3818181818182,10.2014220224776
50,"25","workday",3,29.7454545454545,12.7299551633349
50,"5","monthly",1,18.1090909090909,5.40907836258464
50,"5","monthly",1.5,25.6,9.82622738010613
50,"5","monthly",2,30.7636363636364,13.2768989271878
50,"5","monthly",2.5,41.2545454545455,17.1694200466379
50,"5","monthly",3,51.4,19.7609805011028
50,"5","none",1,19.1636363636364,7.17549468363522
50,"5","none",1.5,26.6909090909091,12.3111615242286
50,"5","none",2,34.4363636363636,13.9991705129185
50,"5","none",2.5,48,17.4746949473703
50,"5","none",3,52.0363636363636,18.2720356282127
50,"5","semiweekly",1,16.0666666666667,4.82346876692438
50,"5","semiweekly",1.5,19.0222222222222,8.27902959198994
50,"5","semiweekly",2,23.8888888888889,9.42559935094099
50,"5","semiweekly",2.5,26.1555555555556,10.6985295332477
50,"5","semiweekly",3,29.6888888888889,12.2738899594775
50,"5","weekly",1,18.8363636363636,6.94809651075461
50,"5","weekly",1.5,20.6909090909091,8.52833989046671
50,"5","weekly",2,25.8181818181818,11.2650400828852
50,"5","weekly",2.5,29.4363636363636,13.4405471576303
50,"5","weekly",3,38.2545454545455,18.5930469126772
50,"5","workday",1,14.7636363636364,5.41005969030726
50,"5","workday",1.5,17.0545454545455,5.91736952624666
50,"5","workday",2,17.8545454545455,7.85688173369728
50,"5","workday",2.5,21.9272727272727,9.20142512259173
50,"5","workday",3,21.4181818181818,8.60887953807742
50,"none","monthly",1,27.2,10.760008261046
50,"none","monthly",1.5,38.5692307692308,14.8562756731152
50,"none","monthly",2,56.5230769230769,14.1586117539687
50,"none","monthly",2.5,61.9538461538462,20.6098612747971
50,"none","monthly",3,77.0307692307692,14.572053024359
50,"none","none",1,27.0461538461538,11.4239713982101
50,"none","none",1.5,37.3230769230769,16.0257390310394
50,"none","none",2,58.5538461538462,17.725644714137
50,"none","none",2.5,73.5384615384615,17.7108783993119
50,"none","none",3,83.5076923076923,6.84060831558535
50,"none","semiweekly",1,19.1111111111111,6.5838384462405
50,"none","semiweekly",1.5,24.6666666666667,9.44747201504044
50,"none","semiweekly",2,31.5777777777778,13.2049623073674
50,"none","semiweekly",2.5,39.2777777777778,17.4133978425291
50,"none","semiweekly",3,48.1111111111111,18.5823749692607
50,"none","weekly",1,22.1230769230769,8.63439091961364
50,"none","weekly",1.5,26.6769230769231,10.4425348317925
50,"none","weekly",2,37.9538461538462,15.0415379282793
50,"none","weekly",2.5,54.4153846153846,16.8067192505204
50,"none","weekly",3,58.8615384615385,20.5974624793637
50,"none","workday",1,15.1692307692308,4.56627881148704
50,"none","workday",1.5,17.4153846153846,7.79935955682748
50,"none","workday",2,22.9538461538462,12.9343436618915
50,"none","workday",2.5,26.4923076923077,13.2917442548799
50,"none","workday",3,33.8,15.703856568089
100,"10","monthly",1,20.5818181818182,6.24818487245681
100,"10","monthly",1.5,30.0363636363636,8.45331454960628
100,"10","monthly",2,39.8,11.3911862458478
100,"10","monthly",2.5,48.2,13.5751490427489
100,"10","monthly",3,62.7090909090909,11.6607657209865
100,"10","none",1,22.5636363636364,6.32387330596635
100,"10","none",1.5,29.8727272727273,9.62253768950438
100,"10","none",2,40.7454545454545,14.4891328291016
100,"10","none",2.5,52.9272727272727,12.9130366783908
100,"10","none",3,64.1272727272727,11.2374090862971
100,"10","semiweekly",1,17.7222222222222,4.86074781911368
100,"10","semiweekly",1.5,18.7777777777778,6.12036804090441
100,"10","semiweekly",2,25.5333333333333,7.92091049923042
100,"10","semiweekly",2.5,30.6666666666667,11.2677989220289
100,"10","semiweekly",3,37.1333333333333,12.3241355034162
100,"10","weekly",1,18.0909090909091,5.39759586680407
100,"10","weekly",1.5,24.3090909090909,7.19355126675773
100,"10","weekly",2,28.4909090909091,8.5390317389708
100,"10","weekly",2.5,33.6181818181818,10.8649488480375
100,"10","weekly",3,45.3454545454545,11.6584892502933
100,"10","workday",1,15.3090909090909,3.88649508697084
100,"10","workday",1.5,17.7454545454545,5.19059432140701
100,"10","workday",2,21.0545454545455,6.75542005106692
100,"10","workday",2.5,25.4727272727273,8.22772273274654
100,"10","workday",3,26.6,10.2888927425945
100,"25","monthly",1,22.8,7.08756493037882
100,"25","monthly",1.5,36.0545454545455,11.0496857005507
100,"25","monthly",2,46.5818181818182,12.599517585903
100,"25","monthly",2.5,61.7636363636364,13.6054460386671
100,"25","monthly",3,71.4181818181818,11.9986174828464
100,"25","none",1,26.0363636363636,8.06896287704198
100,"25","none",1.5,39.2181818181818,11.6920506232671
100,"25","none",2,54.7636363636364,13.6456239293786
100,"25","none",2.5,67.8727272727273,12.4807216965881
100,"25","none",3,76.9272727272727,9.2646698537153
100,"25","semiweekly",1,19.1444444444444,5.87515859935238
100,"25","semiweekly",1.5,23.3888888888889,8.70438300656079
100,"25","semiweekly",2,27.9222222222222,9.56475242430909
100,"25","semiweekly",2.5,36.5444444444444,11.6590048468145
100,"25","semiweekly",3,44.5,11.8755598193668
100,"25","weekly",1,21.7090909090909,6.87657805982549
100,"25","weekly",1.5,26.9636363636364,8.85603352490794
100,"25","weekly",2,33,10.9294352436219
100,"25","weekly",2.5,47.2363636363636,11.1916999295255
100,"25","weekly",3,55.8909090909091,11.9742313458452
100,"25","workday",1,15.6545454545455,4.62545394031205
100,"25","workday",1.5,18.7818181818182,5.97039811205723
100,"25","workday",2,21.5454545454545,7.97536851725768
100,"25","workday",2.5,26.3818181818182,9.43377011485653
100,"25","workday",3,33.4363636363636,12.0108886674806
100,"5","monthly",1,19.3818181818182,6.10280212381509
100,"5","monthly",1.5,26.9818181818182,8.31077681571886
100,"5","monthly",2,34.0363636363636,10.2859901112152
100,"5","monthly",2.5,43.3818181818182,12.966113765165
100,"5","monthly",3,52.7272727272727,13.9137784798355
100,"5","none",1,22.3818181818182,5.90215508423443
100,"5","none",1.5,26.2727272727273,8.07233390362575
100,"5","none",2,35.3818181818182,11.0794919859871
100,"5","none",2.5,46.0363636363636,13.4909589032826
100,"5","none",3,58.3272727272727,12.7038912158397
100,"5","semiweekly",1,16.8111111111111,4.72348743837872
100,"5","semiweekly",1.5,19.6444444444444,6.7422119387276
100,"5","semiweekly",2,21.8,6.90826591345719
100,"5","semiweekly",2.5,27.6222222222222,8.67607372867736
100,"5","semiweekly",3,31.5888888888889,12.7549806576998
100,"5","weekly",1,18.2727272727273,5.47207424560705
100,"5","weekly",1.5,22.0727272727273,6.66961337221562
100,"5","weekly",2,27.3818181818182,10.102559676172
100,"5","weekly",2.5,34.7636363636364,11.4766720492981
100,"5","weekly",3,40.2909090909091,13.6626091160023
100,"5","workday",1,14.5090909090909,3.48548987683029
100,"5","workday",1.5,18.7818181818182,5.19928023194799
100,"5","workday",2,19.2181818181818,5.76830918404465
100,"5","workday",2.5,21.4363636363636,7.42791056366045
100,"5","workday",3,27.6181818181818,8.01797913335274
100,"50","monthly",1,27.1636363636364,8.78112532145406
100,"50","monthly",1.5,39.8181818181818,11.883084507487
100,"50","monthly",2,57.4909090909091,12.7895268616834
100,"50","monthly",2.5,72.7454545454545,10.1002604971433
100,"50","monthly",3,80.3636363636364,9.04442328553988
100,"50","none",1,29.6181818181818,10.9885323586673
100,"50","none",1.5,48.8181818181818,9.74883655624599
100,"50","none",2,63.5454545454545,14.0694551664055
100,"50","none",2.5,77.3090909090909,8.20333012153883
100,"50","none",3,82.6909090909091,7.02153290621209
100,"50","semiweekly",1,18.4777777777778,5.10670953396061
100,"50","semiweekly",1.5,26.9888888888889,8.94364315787254
100,"50","semiweekly",2,30.8111111111111,10.9553593575393
100,"50","semiweekly",2.5,44.0666666666667,12.7129688628628
100,"50","semiweekly",3,49.7444444444444,14.4653020549083
100,"50","weekly",1,21.9272727272727,7.31425601650526
100,"50","weekly",1.5,31.3636363636364,8.72190722036853
100,"50","weekly",2,43.3818181818182,12.6483761819379
100,"50","weekly",2.5,51.4909090909091,10.6877935820397
100,"50","weekly",3,63.4,12.8687932385309
100,"50","workday",1,16.9454545454545,4.77760202279918
100,"50","workday",1.5,19.4545454545455,6.67498375245619
100,"50","workday",2,25.6727272727273,9.73565676304532
100,"50","workday",2.5,29.5818181818182,9.9903071803655
100,"50","workday",3,37.0909090909091,11.8156038227458
100,"none","monthly",1,28.5692307692308,8.52369469889895
100,"none","monthly",1.5,45.9846153846154,12.446790834961
100,"none","monthly",2,63.4307692307692,12.6612674052676
100,"none","monthly",2.5,72.8615384615385,10.5187617844347
100,"none","monthly",3,81.4,8.0733519894576
100,"none","none",1,34.6307692307692,12.3360472874443
100,"none","none",1.5,46.0923076923077,12.4879238913003
100,"none","none",2,67.1692307692308,13.3305196461386
100,"none","none",2.5,80.5846153846154,9.18918498060559
100,"none","none",3,87.0153846153846,4.47728253289785
100,"none","semiweekly",1,19.1666666666667,5.87646273178366
100,"none","semiweekly",1.5,27.6888888888889,9.2085519622994
100,"none","semiweekly",2,35.3333333333333,11.7074080727538
100,"none","semiweekly",2.5,41.6888888888889,13.5407303375558
100,"none","semiweekly",3,54.1777777777778,13.286086107052
100,"none","weekly",1,21.5384615384615,7.18167447348562
100,"none","weekly",1.5,34.5384615384615,11.4518273422927
100,"none","weekly",2,43.2769230769231,11.5530281588476
100,"none","weekly",2.5,56.5230769230769,13.0326130476203
100,"none","weekly",3,69.9538461538462,11.7410732694873
100,"none","workday",1,16.5076923076923,3.87745572095881
100,"none","workday",1.5,20.7384615384615,7.32465168572465
100,"none","workday",2,24.9538461538462,9.60232541477949
100,"none","workday",2.5,31.8153846153846,10.3292887958242
100,"none","workday",3,39.6615384615385,14.6473746468636
250,"10","monthly",1,24.1636363636364,4.5360021159335
250,"10","monthly",1.5,32.2909090909091,5.47280178606128
250,"10","monthly",2,41.2,7.06951923328461
250,"10","monthly",2.5,53.2545454545455,8.12587599279601
250,"10","monthly",3,61.9454545454545,6.232766552541
250,"10","none",1,24.5090909090909,5.46011659748478
250,"10","none",1.5,34.5818181818182,5.72384852504191
250,"10","none",2,46.5818181818182,6.74804894509233
250,"10","none",2.5,58.7090909090909,6.61140555987203
250,"10","none",3,69.2,6.27938348361577
250,"10","semiweekly",1,18.6,3.4492990695488
250,"10","semiweekly",1.5,23.2222222222222,4.5357994557199
250,"10","semiweekly",2,26.5444444444444,4.96967693014482
250,"10","semiweekly",2.5,32.2888888888889,6.78977908238851
250,"10","semiweekly",3,36.4666666666667,6.74862487537758
250,"10","weekly",1,19.2363636363636,3.18506801519945
250,"10","weekly",1.5,24.3818181818182,5.63322686009826
250,"10","weekly",2,31.8363636363636,5.27963874415152
250,"10","weekly",2.5,39.0545454545455,7.2253057466138
250,"10","weekly",3,44.9818181818182,8.45445269693892
250,"10","workday",1,15.9090909090909,2.97356189416341
250,"10","workday",1.5,20.1636363636364,4.31329482832383
250,"10","workday",2,23.2727272727273,5.20546647486744
250,"10","workday",2.5,27.8,5.48854148123533
250,"10","workday",3,30.3454545454545,5.47462021419885
250,"25","monthly",1,27.3454545454545,5.74779609244897
250,"25","monthly",1.5,36.3636363636364,7.00980449023891
250,"25","monthly",2,53.6545454545455,7.13329343633351
250,"25","monthly",2.5,61.8181818181818,9.83085213073905
250,"25","monthly",3,72.9272727272727,6.23404399877263
250,"25","none",1,28.8545454545455,5.79899998243525
250,"25","none",1.5,42.0181818181818,7.50301863605262
250,"25","none",2,55.3818181818182,9.02650377525971
250,"25","none",2.5,68.8,6.41735784819772
250,"25","none",3,76.4181818181818,5.79671096364297
250,"25","semiweekly",1,19.0666666666667,3.39403389396967
250,"25","semiweekly",1.5,24.9888888888889,5.28075913165432
250,"25","semiweekly",2,30.7888888888889,4.94124419589195
250,"25","semiweekly",2.5,37.5444444444444,7.71021469890758
250,"25","semiweekly",3,44.9777777777778,9.04441860200126
250,"25","weekly",1,22.4727272727273,4.47969688044591
250,"25","weekly",1.5,29.4545454545455,5.92784528318625
250,"25","weekly",2,36.5818181818182,5.48618340570037
250,"25","weekly",2.5,47.4545454545455,7.6028667802373
250,"25","weekly",3,57.8181818181818,6.67299522667959
250,"25","workday",1,18.9454545454545,3.07104550671481
250,"25","workday",1.5,21.0363636363636,4.2416239331079
250,"25","workday",2,25.4181818181818,4.73645170822418
250,"25","workday",2.5,30.3272727272727,6.56259736237695
250,"25","workday",3,38.4545454545455,6.8716549442035
250,"5","monthly",1,21.9636363636364,3.97052845571606
250,"5","monthly",1.5,29.9636363636364,4.6086384944358
250,"5","monthly",2,37.1090909090909,5.40907836258464
250,"5","monthly",2.5,48.9090909090909,6.77391068429889
250,"5","monthly",3,56.6909090909091,6.4640294072534
250,"5","none",1,21.1454545454545,5.02336940830977
250,"5","none",1.5,32.4363636363636,7.20088101960634
250,"5","none",2,42.6181818181818,7.67375589453204
250,"5","none",2.5,50.7818181818182,8.54505215842356
250,"5","none",3,61.4181818181818,8.16948860868325
250,"5","semiweekly",1,16.9888888888889,2.9284931584288
250,"5","semiweekly",1.5,19.9555555555556,3.51988190945832
250,"5","semiweekly",2,24.5333333333333,4.4451921259612
250,"5","semiweekly",2.5,27.9555555555556,5.23509826672969
250,"5","semiweekly",3,34.5555555555556,6.93223373385865
250,"5","weekly",1,18.9090909090909,3.42421991368148
250,"5","weekly",1.5,23.9454545454545,4.90946568895522
250,"5","weekly",2,28.2727272727273,4.94293917060755
250,"5","weekly",2.5,34.2727272727273,7.72580883124099
250,"5","weekly",3,43.5272727272727,6.62569248675171
250,"5","workday",1,15.7090909090909,2.6171300327828
250,"5","workday",1.5,18.6545454545455,3.71040252906216
250,"5","workday",2,21.4363636363636,4.43017043535168
250,"5","workday",2.5,24.0909090909091,5.7733111325574
250,"5","workday",3,27.4363636363636,6.58953947740055
250,"50","monthly",1,30.1272727272727,7.24204709902335
250,"50","monthly",1.5,43.0909090909091,7.21735723938496
250,"50","monthly",2,60.8545454545455,6.5580456570597
250,"50","monthly",2.5,71.2363636363636,6.0108285386709
250,"50","monthly",3,80.3090909090909,3.96551157068704
250,"50","none",1,34.7090909090909,6.81259226756703
250,"50","none",1.5,49.9090909090909,8.27288404877079
250,"50","none",2,65.6727272727273,6.96983737584933
250,"50","none",2.5,77.3818181818182,4.74722703958444
250,"50","none",3,83.9818181818182,3.21090130541237
250,"50","semiweekly",1,21.4888888888889,4.77583005485862
250,"50","semiweekly",1.5,27.4444444444444,5.46627054824288
250,"50","semiweekly",2,34.1777777777778,6.9104840114156
250,"50","semiweekly",2.5,42.9222222222222,8.20242751145702
250,"50","semiweekly",3,54.3222222222222,5.94529712494201
250,"50","weekly",1,25.4727272727273,4.83620223149203
250,"50","weekly",1.5,33.9272727272727,5.94946647137048
250,"50","weekly",2,44.5090909090909,8.3028284848821
250,"50","weekly",2.5,56.5454545454545,8.66829566301205
250,"50","weekly",3,63.8,7.20249348550619
250,"50","workday",1,18.1090909090909,3.78082333400362
250,"50","workday",1.5,22.4181818181818,4.10932227123467
250,"50","workday",2,27.5818181818182,6.7858023453731
250,"50","workday",2.5,32.6909090909091,7.93650147986382
250,"50","workday",3,42.2,7.2050266313959
250,"none","monthly",1,33.0461538461538,7.20603050184651
250,"none","monthly",1.5,49.9538461538462,7.24234540405019
250,"none","monthly",2,69.2769230769231,6.63070786565206
250,"none","monthly",2.5,78.1846153846154,3.98257124157334
250,"none","monthly",3,86.8,3.90156663690654
250,"none","none",1,36.6769230769231,7.3600265287106
250,"none","none",1.5,55.7846153846154,8.77090502335848
250,"none","none",2,73.3692307692308,5.01100403546982
250,"none","none",2.5,82.4461538461538,4.03316027035646
250,"none","none",3,88.4461538461538,4.07124351294422
250,"none","semiweekly",1,22.3666666666667,3.88216308407387
250,"none","semiweekly",1.5,29.0777777777778,5.66044719650901
250,"none","semiweekly",2,38.6777777777778,8.80240104995347
250,"none","semiweekly",2.5,51.7555555555556,6.78497179757638
250,"none","semiweekly",3,59.8666666666667,7.65815813263393
250,"none","weekly",1,24.4923076923077,4.28218775905479
250,"none","weekly",1.5,37.9538461538462,6.99962690635081
250,"none","weekly",2,50.6615384615385,7.42093494134053
250,"none","weekly",2.5,65.3230769230769,6.8157128108957
250,"none","weekly",3,71.8461538461538,5.44396474426058
250,"none","workday",1,19.7384615384615,4.82495097869591
250,"none","workday",1.5,26.0461538461538,5.87007153202353
250,"none","workday",2,31.9076923076923,6.98261305602841
250,"none","workday",2.5,42.5846153846154,6.19112344382473
250,"none","workday",3,48.7846153846154,6.04890640991704
500,"10","monthly",1,25.5272727272727,2.70748183065087
500,"10","monthly",1.5,33.9818181818182,3.43602059919064
500,"10","monthly",2,42.6,4.8690891547681
500,"10","monthly",2.5,54.3454545454545,5.58026430390116
500,"10","monthly",3,63.4727272727273,4.78308510469749
500,"10","none",1,25.9454545454545,3.45153188151735
500,"10","none",1.5,36.2727272727273,4.97605413933683
500,"10","none",2,46.9272727272727,5.36566043259384
500,"10","none",2.5,57.9272727272727,5.57580325611439
500,"10","none",3,67.2545454545455,4.84887744484392
500,"10","semiweekly",1,19.7111111111111,2.7673788791622
500,"10","semiweekly",1.5,23.5888888888889,3.26062716844142
500,"10","semiweekly",2,28.6222222222222,3.14845081801423
500,"10","semiweekly",2.5,33.3555555555556,3.98917085597446
500,"10","semiweekly",3,38.3222222222222,4.74213306218661
500,"10","weekly",1,22.0545454545455,2.73139480570004
500,"10","weekly",1.5,26.5818181818182,3.36735567966778
500,"10","weekly",2,32.6727272727273,4.54119242779078
500,"10","weekly",2.5,40.5272727272727,4.82486921820619
500,"10","weekly",3,48.4545454545455,4.69826098367647
500,"10","workday",1,18.8909090909091,2.57495466101909
500,"10","workday",1.5,21.0545454545455,2.47187229061324
500,"10","workday",2,24.8545454545455,2.88728765338064
500,"10","workday",2.5,28.3090909090909,4.13226898697997
500,"10","workday",3,32.8727272727273,4.06181499763141
500,"25","monthly",1,28.9272727272727,3.29152054502795
500,"25","monthly",1.5,40.8,4.38727423151115
500,"25","monthly",2,51.2181818181818,5.39900946947614
500,"25","monthly",2.5,64.2727272727273,4.32044260309777
500,"25","monthly",3,73.6,4.07323469443051
500,"25","none",1,30.9272727272727,3.59873530834222
500,"25","none",1.5,44.3090909090909,5.42322905694699
500,"25","none",2,58.8727272727273,4.6797223132359
500,"25","none",2.5,70.3090909090909,4.25412091870641
500,"25","none",3,77.4181818181818,3.9137177291128
500,"25","semiweekly",1,21.0888888888889,2.72443907726886
500,"25","semiweekly",1.5,26.7333333333333,4.3069129830804
500,"25","semiweekly",2,31.9666666666667,3.77465937438844
500,"25","semiweekly",2.5,38.4555555555556,4.79887155606327
500,"25","semiweekly",3,47.7555555555556,5.03891664979529
500,"25","weekly",1,24.1636363636364,2.52551675975083
500,"25","weekly",1.5,31.7454545454545,4.15141424244105
500,"25","weekly",2,38.9090909090909,4.24295348548939
500,"25","weekly",2.5,48.1818181818182,5.04755093137035
500,"25","weekly",3,57.9454545454545,4.36232285030563
500,"25","workday",1,20.2545454545455,3.09354273216002
500,"25","workday",1.5,24.1454545454545,3.0531674459843
500,"25","workday",2,27.1636363636364,3.55747201908266
500,"25","workday",2.5,32.9090909090909,4.39090270249755
500,"25","workday",3,38.4,4.73995287789568
500,"5","monthly",1,23.4909090909091,2.58344481782404
500,"5","monthly",1.5,30.6909090909091,4.25840828729942
500,"5","monthly",2,38.8727272727273,4.40659155177565
500,"5","monthly",2.5,47.9454545454545,5.35736815022208
500,"5","monthly",3,57.4545454545455,4.01101668045429
500,"5","none",1,24.6545454545455,3.48729802449009
500,"5","none",1.5,34.6181818181818,4.20935224437044
500,"5","none",2,42.0363636363636,4.84791939856917
500,"5","none",2.5,52.3636363636364,5.15937116480207
500,"5","none",3,61.9818181818182,5.05622009466099
500,"5","semiweekly",1,19.2666666666667,2.16556116801484
500,"5","semiweekly",1.5,22.6222222222222,2.65384384592825
500,"5","semiweekly",2,26.6,3.29086780363495
500,"5","semiweekly",2.5,30.6555555555556,4.9404937563386
500,"5","semiweekly",3,35.1888888888889,4.44192395468802
500,"5","weekly",1,21.3090909090909,2.6668602008957
500,"5","weekly",1.5,24.5090909090909,3.61400725519616
500,"5","weekly",2,31.2909090909091,4.26611469278515
500,"5","weekly",2.5,35.9636363636364,4.26308049909201
500,"5","weekly",3,41.7636363636364,4.50856296543271
500,"5","workday",1,17.8545454545455,2.30374323939807
500,"5","workday",1.5,20.2727272727273,2.47951126464063
500,"5","workday",2,23.4,3.09579418014819
500,"5","workday",2.5,25.6909090909091,3.34660045000854
500,"5","workday",3,29.1454545454545,4.20035704868407
500,"50","monthly",1,32.2363636363636,4.98158520033151
500,"50","monthly",1.5,47.1090909090909,5.08566299990863
500,"50","monthly",2,59.8,5.01603268944749
500,"50","monthly",2.5,73.2909090909091,3.88555591788041
500,"50","monthly",3,79.7818181818182,4.02859717796356
500,"50","none",1,34.9818181818182,4.25248278313224
500,"50","none",1.5,50.8,4.34128037892822
500,"50","none",2,66.4,4.98025297630845
500,"50","none",2.5,77.5454545454545,3.49566040573114
500,"50","none",3,83.2545454545455,3.55980286205879
500,"50","semiweekly",1,22.2333333333333,2.50494505367148
500,"50","semiweekly",1.5,29.8888888888889,3.422247582999
500,"50","semiweekly",2,36.8,4.4125415355682
500,"50","semiweekly",2.5,43.1777777777778,5.61377968117187
500,"50","semiweekly",3,55.1111111111111,6.03372878740546
500,"50","weekly",1,25.8,2.85539571189929
500,"50","weekly",1.5,34.4363636363636,3.722900311397
500,"50","weekly",2,45.3636363636364,4.51826639920084
500,"50","weekly",2.5,54.6909090909091,5.37930858469465
500,"50","weekly",3,65.5818181818182,4.98790840521278
500,"50","workday",1,20.8181818181818,2.47683360590635
500,"50","workday",1.5,24.7818181818182,3.2627677846357
500,"50","workday",2,31.0363636363636,3.91964747951093
500,"50","workday",2.5,36.7636363636364,4.88914945047069
500,"50","workday",3,43.5818181818182,5.24470852241282
500,"none","monthly",1,35.6769230769231,4.80517883015228
500,"none","monthly",1.5,54.5384615384615,3.83726418054101
500,"none","monthly",2,70.1692307692308,4.66325679248211
500,"none","monthly",2.5,82.0153846153846,2.49377191931521
500,"none","monthly",3,87.2461538461538,1.90864480096699
500,"none","none",1,40.1230769230769,4.84483845335696
500,"none","none",1.5,58.6923076923077,6.14868016783015
500,"none","none",2,74.7076923076923,3.08682523452333
500,"none","none",2.5,84.1384615384615,3.32348973905202
500,"none","none",3,90.4153846153846,2.32997316052673
500,"none","semiweekly",1,23.8666666666667,2.66063463119458
500,"none","semiweekly",1.5,31.6222222222222,4.3243825300809
500,"none","semiweekly",2,41.2,5.98886619935079
500,"none","semiweekly",2.5,51.9888888888889,4.62977365573358
500,"none","semiweekly",3,62.9111111111111,5.13368436072578
500,"none","weekly",1,28.2307692307692,3.13172353628035
500,"none","weekly",1.5,39.3076923076923,3.44678718233979
500,"none","weekly",2,52.1692307692308,6.00043524853738
500,"none","weekly",2.5,64.3384615384615,5.11979010431587
500,"none","weekly",3,74.2769230769231,5.08419146462865
500,"none","workday",1,21.1384615384615,2.85923305716999
500,"none","workday",1.5,26.7538461538462,4.20548865802793
500,"none","workday",2,34.9692307692308,5.76271870522877
500,"none","workday",2.5,40.4461538461538,6.57584142208106
500,"none","workday",3,49.7692307692308,5.77822976535829
1000,"10","monthly",1,26.6909090909091,1.80098034204577
1000,"10","monthly",1.5,34.8909090909091,2.98214104779295
1000,"10","monthly",2,43.9272727272727,3.55280574563602
1000,"10","monthly",2.5,53.8545454545455,3.52994583309789
1000,"10","monthly",3,61.9818181818182,3.51996863109628
1000,"10","none",1,28,2.05756570790237
1000,"10","none",1.5,36.8909090909091,2.51036339063078
1000,"10","none",2,48,3.90115086893468
1000,"10","none",2.5,58.6545454545455,3.72512764596943
1000,"10","none",3,68.0181818181818,3.57654009035498
1000,"10","semiweekly",1,21.6666666666667,1.65419882378436
1000,"10","semiweekly",1.5,24.0888888888889,1.61089480688624
1000,"10","semiweekly",2,28.6,1.94930180592682
1000,"10","semiweekly",2.5,33.6111111111111,3.04469649383764
1000,"10","semiweekly",3,39.3888888888889,3.20488519086714
1000,"10","weekly",1,23.9090909090909,1.66843524832004
1000,"10","weekly",1.5,27.9818181818182,1.76638222681306
1000,"10","weekly",2,33.6909090909091,2.44555851899061
1000,"10","weekly",2.5,39.6727272727273,3.32571569299059
1000,"10","weekly",3,46.8363636363636,2.83206120523652
1000,"10","workday",1,19.9454545454545,1.43494171679221
1000,"10","workday",1.5,23.0181818181818,1.59253400759973
1000,"10","workday",2,25.7636363636364,1.83203086588719
1000,"10","workday",2.5,28.8181818181818,2.64085606759271
1000,"10","workday",3,32.7090909090909,3.27383303593507
1000,"25","monthly",1,30.3090909090909,2.02063016181326
1000,"25","monthly",1.5,40.8363636363636,2.92087650805631
1000,"25","monthly",2,52.2181818181818,3.62317615377365
1000,"25","monthly",2.5,64.8181818181818,3.68509975248969
1000,"25","monthly",3,74.4181818181818,2.39136913026543
1000,"25","none",1,32,2.68817361274579
1000,"25","none",1.5,44.0363636363636,2.89073296822162
1000,"25","none",2,59.0363636363636,3.6496357000663
1000,"25","none",2.5,69.9818181818182,3.18808748180457
1000,"25","none",3,78.5454545454545,2.32267607598396
1000,"25","semiweekly",1,22.9111111111111,1.67188652374002
1000,"25","semiweekly",1.5,27.1222222222222,2.12944700701359
1000,"25","semiweekly",2,33.1222222222222,2.8838385068225
1000,"25","semiweekly",2.5,39.8,2.95761681411443
1000,"25","semiweekly",3,47.5777777777778,3.13215686462933
1000,"25","weekly",1,25.7636363636364,2.06609434747967
1000,"25","weekly",1.5,32.1818181818182,2.68879066167226
1000,"25","weekly",2,40.6,2.79206383128255
1000,"25","weekly",2.5,48.5454545454545,4.23669313020139
1000,"25","weekly",3,58.0181818181818,3.51996863109628
1000,"25","workday",1,21.1454545454545,1.84646221030765
1000,"25","workday",1.5,24.8909090909091,1.67280444702384
1000,"25","workday",2,28.8909090909091,2.2496774081211
1000,"25","workday",2.5,33.4909090909091,2.70760437163763
1000,"25","workday",3,38.0909090909091,3.59070539433851
1000,"5","monthly",1,25.2909090909091,2.22520996526521
1000,"5","monthly",1.5,31.7454545454545,2.34145582807452
1000,"5","monthly",2,39.7454545454545,3.16353644519541
1000,"5","monthly",2.5,48.3090909090909,3.70870315576008
1000,"5","monthly",3,58.3090909090909,3.90990099783527
1000,"5","none",1,26.0727272727273,1.98401040303799
1000,"5","none",1.5,33.6,2.83100663018404
1000,"5","none",2,43.1818181818182,3.14544572341318
1000,"5","none",2.5,54.1818181818182,3.74892154366347
1000,"5","none",3,62.8909090909091,3.08441294011292
1000,"5","semiweekly",1,20.2555555555556,1.48826414635438
1000,"5","semiweekly",1.5,23.5888888888889,1.57068843754604
1000,"5","semiweekly",2,26.7222222222222,2.38659482909433
1000,"5","semiweekly",2.5,30.5666666666667,2.63057237350274
1000,"5","semiweekly",3,36.1888888888889,2.94515852197551
1000,"5","weekly",1,22.3818181818182,1.74559831303514
1000,"5","weekly",1.5,26.5636363636364,1.94602004816753
1000,"5","weekly",2,31.1090909090909,2.07234772249887
1000,"5","weekly",2.5,36.3818181818182,3.02960398926741
1000,"5","weekly",3,43.6545454545455,2.62093050436153
1000,"5","workday",1,20.1454545454545,1.39626955832163
1000,"5","workday",1.5,21.8727272727273,1.96738502807814
1000,"5","workday",2,24.8,2.10491257165388
1000,"5","workday",2.5,27.2727272727273,2.29609749416714
1000,"5","workday",3,30.4727272727273,2.67356991894354
1000,"50","monthly",1,32.9818181818182,2.45016690248505
1000,"50","monthly",1.5,46.6909090909091,3.25258306823868
1000,"50","monthly",2,61.3636363636364,3.58099013936577
1000,"50","monthly",2.5,73.1636363636364,2.92087650805631
1000,"50","monthly",3,80.9818181818182,2.10570054479258
1000,"50","none",1,35.3818181818182,2.77166916619237
1000,"50","none",1.5,50.3636363636364,3.71603173265365
1000,"50","none",2,66.5818181818182,3.53135542457917
1000,"50","none",2.5,78.0545454545454,2.25571603063917
1000,"50","none",3,84.2666666666667,2.29675110031494
1000,"50","semiweekly",1,23.8333333333333,2.04645709748223
1000,"50","semiweekly",1.5,29.7111111111111,2.49245555484318
1000,"50","semiweekly",2,36.8111111111111,3.18469100990582
1000,"50","semiweekly",2.5,45.7111111111111,3.49556987845792
1000,"50","semiweekly",3,54.443661971831,3.79801122311125
1000,"50","weekly",1,26.9272727272727,2.56203717881696
1000,"50","weekly",1.5,35.0909090909091,2.31050226214652
1000,"50","weekly",2,45.7272727272727,3.77493919057005
1000,"50","weekly",2.5,56.7454545454545,4.00373084139014
1000,"50","weekly",3,65.5636363636364,3.59319935699521
1000,"50","workday",1,21.9454545454545,1.50931634615821
1000,"50","workday",1.5,25.9272727272727,2.24303093833141
1000,"50","workday",2,30.8363636363636,2.4891269859044
1000,"50","workday",2.5,37.6,3.10756082910204
1000,"50","workday",3,43.7818181818182,3.60297377728651
1000,"none","monthly",1,35.9692307692308,3.1670040306123
1000,"none","monthly",1.5,53.8615384615385,3.28613305654794
1000,"none","monthly",2,70.6923076923077,3.03743656603518
1000,"none","monthly",2.5,81.1230769230769,2.88411834907515
1000,"none","monthly",3,88.0461538461538,1.55586077591669
1000,"none","none",1,39.6153846153846,3.18509408204702
1000,"none","none",1.5,61.1384615384615,2.92855736551547
1000,"none","none",2,76.1337386018237,2.66419089300851
1000,"none","none",2.5,85.5696202531646,1.80076558183773
1000,"none","none",3,90.2195439739414,1.17831798806427
1000,"none","semiweekly",1,25.9222222222222,1.91724089026881
1000,"none","semiweekly",1.5,32.1444444444444,2.72409881869138
1000,"none","semiweekly",2,42,3.0603859528171
1000,"none","semiweekly",2.5,53.5222222222222,3.94970543607542
1000,"none","semiweekly",3,63.485384821668,3.37401445921989
1000,"none","weekly",1,29.1384615384615,2.23521840756886
1000,"none","weekly",1.5,39.5846153846154,3.31426168012281
1000,"none","weekly",2,53.6153846153846,3.56895179346591
1000,"none","weekly",2.5,66.0181268882175,3.42003510467128
1000,"none","weekly",3,75.6925566343042,2.89636633092544
1000,"none","workday",1,23.4769230769231,1.76652421078072
1000,"none","workday",1.5,28.2923076923077,2.42621407131524
1000,"none","workday",2,35.8769230769231,3.52463855211806
1000,"none","workday",2.5,43.2153846153846,3.20826627006536
1000,"none","workday",3,51.1538461538462,4.23911375998397
